USERNAME,ROBLOX ID
SirFrxsh,1257074464
1okChunkss,1283481417
Tlb670,2543096535
MDSFGBJFB,1366071339
EthanGamezTTV,-
Ezz4Kezz_Mattplay,1294075496
PRIESHACH101,1563633817
v_bz7,518971251
xbffhr1,125169702
ANIMAFOXY25,1277119070
salty_bush4,2645736932
bloba_canfart,1584042716
dragonzhill,96055616
GorgSeizure,1615362107
LegitQTxS,2720917675
SmartCheekWill,1577149312
SchwitZERINfortnite,2288636459
XXKINGGMARIXX,453138214
Dogecards,1183941884
folooword157,1263133932
real_dynamix,934830600
JoshVolts,1051116990
vduskfks,841027384
meuser0,516375613
fluxaCCID,2638738496
Roblox_Playstation2,-
yessirimcoolba,2822136299
builderTYCOONYT,2006012101
CaptianAvarage1,2584484332
Rosclie,2444940049
120hzTTvzenq,2808328204
paulie626v8,2609167966
OEA_0303,2252552141
Peoplecansaybadwords,1680501465
darkbringer_official,2492595085
Electric_Boy8,133853976
IanWeber54,251002514
ItsYoBoiKillerYT,1286222137
ace_kilby,2768505771
OIL1234456,1503010039
bpshisaltaccount,2835559946
King_Baconsssss,2045273889
ryan_s77,1739779839
MonkeyD_LuffyXZoro,2888776173
spekalt1,1836794778
WhoAreYouMrLOL,3256175833
stinky29291jdhdhdhdj,3069589100
Burning_banks,961266383
gottalovethehack,3457509558
Mrkoala_utube2,3077862765
CarlosBurnett65,242918242
puppetlover02,188490092
Chef_RamzeyCook,2568248372
Baosml123,432696644
NeoTran27,2918125522
Pro_0624Gamer,2200771895
saocxdk,1271164142
wwby,418259847
RECYCLINGFAN,3167669526
daring_noodle16,457605260
F_mestepmom,3092010597
JJxxTTyy2,2982559780
DigitalTorn,2319004213
safienayet,1023108797
ahmedbutpro2,2344044534
d_qpn,629792805
BStarZA,1359887730
brockboryspl,1937022243
Mrstalkeye,1319950105
Rusgopnok,642136798
zombiegamercoolio123,3167038150
A_DashOfOliveOil,2209918815
oirjhew,-
SathuROBLOX,518809926
DominusTR,113576184
Landymaxxx4,2754488610
Hel50020,1937532731
itsnotarsenalprogg2,2259224833
GeorgePrince23,242738199
Spook6Boey,143399292
beasty5090,1704418759
wwe200k,485584707
teo200909tt,1537899028
tonjayyyo,538747802
MINHAZGAMING,2271339392
ETSNOW,2208625869
CuzAlThani,182568145
TAWAUthebest,728447417
BlockedByCorion,2413809215
uniaosovieticastalin,892374500
Cattank_projector,1720411850
NubNublet12,1968972707
YOUTUBEGAMER159483,1903037689
milanpro4567,1573337595